image_roche_numero1.jpg,1
image_roche_numero10.jpg,1
image_roche_numero100.jpg,1
image_roche_numero101.jpg,1
image_roche_numero102.jpg,1
image_roche_numero103.jpg,1
image_roche_numero104.jpg,1
image_roche_numero105.jpg,1
image_roche_numero106.jpg,1
image_roche_numero107.jpg,1
image_roche_numero108.jpg,1
image_roche_numero109.jpg,1
image_roche_numero11.jpg,1
image_roche_numero110.jpg,1
image_roche_numero111.jpg,1
image_roche_numero112.jpg,1
image_roche_numero113.jpg,1
image_roche_numero114.jpg,1
image_roche_numero115.jpg,1
image_roche_numero116.jpg,1
image_roche_numero117.jpg,1
image_roche_numero118.jpg,1
image_roche_numero119.jpg,1
image_roche_numero12.jpg,1
image_roche_numero120.jpg,1
image_roche_numero121.jpg,1
image_roche_numero122.jpg,1
image_roche_numero123.jpg,1
image_roche_numero124.jpg,1
image_roche_numero125.jpg,1
image_roche_numero126.jpg,1
image_roche_numero127.jpg,1
image_roche_numero128.jpg,1
image_roche_numero129.jpg,1
image_roche_numero13.jpg,1
image_roche_numero130.jpg,1
image_roche_numero131.jpg,1
image_roche_numero132.jpg,1
image_roche_numero133.jpg,1
image_roche_numero134.jpg,1
image_roche_numero135.jpg,1
image_roche_numero136.jpg,1
image_roche_numero137.jpg,1
image_roche_numero138.jpg,1
image_roche_numero139.jpg,1
image_roche_numero14.jpg,1
image_roche_numero140.jpg,1
image_roche_numero141.jpg,1
image_roche_numero142.jpg,1
image_roche_numero143.jpg,1
image_roche_numero144.jpg,1
image_roche_numero145.jpg,1
image_roche_numero146.jpg,1
image_roche_numero147.jpg,1
image_roche_numero148.jpg,1
image_roche_numero149.jpg,1
image_roche_numero15.jpg,1
image_roche_numero150.jpg,1
image_roche_numero151.jpg,1
image_roche_numero152.jpg,1
image_roche_numero153.jpg,1
image_roche_numero154.jpg,1
image_roche_numero155.jpg,1
image_roche_numero156.jpg,1
image_roche_numero157.jpg,1
image_roche_numero158.jpg,1
image_roche_numero159.jpg,1
image_roche_numero16.jpg,1
image_roche_numero160.jpg,1
image_roche_numero161.jpg,1
image_roche_numero162.jpg,1
image_roche_numero163.jpg,1
image_roche_numero164.jpg,1
image_roche_numero165.jpg,1
image_roche_numero166.jpg,1
image_roche_numero167.jpg,1
image_roche_numero168.jpg,1
image_roche_numero169.jpg,1
image_roche_numero17.jpg,1
image_roche_numero170.jpg,1
image_roche_numero171.jpg,1
image_roche_numero172.jpg,1
image_roche_numero173.jpg,1
image_roche_numero174.jpg,1
image_roche_numero175.jpg,1
image_roche_numero176.jpg,1
image_roche_numero177.jpg,1
image_roche_numero178.jpg,1
image_roche_numero179.jpg,1
image_roche_numero18.jpg,1
image_roche_numero180.jpg,1
image_roche_numero181.jpg,1
image_roche_numero182.jpg,1
image_roche_numero183.jpg,1
image_roche_numero184.jpg,1
image_roche_numero185.jpg,1
image_roche_numero186.jpg,1
image_roche_numero187.jpg,1
image_roche_numero188.jpg,1
image_roche_numero189.jpg,1
image_roche_numero19.jpg,1
image_roche_numero190.jpg,1
image_roche_numero191.jpg,1
image_roche_numero192.jpg,1
image_roche_numero193.jpg,1
image_roche_numero194.jpg,1
image_roche_numero195.jpg,1
image_roche_numero196.jpg,1
image_roche_numero197.jpg,1
image_roche_numero198.jpg,1
image_roche_numero199.jpg,1
image_roche_numero2.jpg,1
image_roche_numero20.jpg,1
image_roche_numero200.jpg,1
image_roche_numero201.jpg,1
image_roche_numero202.jpg,1
image_roche_numero203.jpg,1
image_roche_numero204.jpg,1
image_roche_numero205.jpg,1
image_roche_numero206.jpg,1
image_roche_numero207.jpg,1
image_roche_numero208.jpg,1
image_roche_numero209.jpg,1
image_roche_numero21.jpg,1
image_roche_numero210.jpg,1
image_roche_numero211.jpg,1
image_roche_numero212.jpg,1
image_roche_numero213.jpg,1
image_roche_numero214.jpg,1
image_roche_numero215.jpg,1
image_roche_numero216.jpg,1
image_roche_numero217.jpg,1
image_roche_numero218.jpg,1
image_roche_numero219.jpg,1
image_roche_numero22.jpg,1
image_roche_numero220.jpg,1
image_roche_numero221.jpg,1
image_roche_numero222.jpg,1
image_roche_numero223.jpg,1
image_roche_numero224.jpg,1
image_roche_numero225.jpg,1
image_roche_numero226.jpg,1
image_roche_numero227.jpg,1
image_roche_numero228.jpg,1
image_roche_numero229.jpg,1
image_roche_numero23.jpg,1
image_roche_numero230.jpg,1
image_roche_numero231.jpg,1
image_roche_numero232.jpg,1
image_roche_numero233.jpg,1
image_roche_numero234.jpg,1
image_roche_numero235.jpg,1
image_roche_numero236.jpg,1
image_roche_numero237.jpg,1
image_roche_numero238.jpg,1
image_roche_numero239.jpg,1
image_roche_numero24.jpg,1
image_roche_numero240.jpg,1
image_roche_numero241.jpg,1
image_roche_numero242.jpg,1
image_roche_numero243.jpg,1
image_roche_numero244.jpg,1
image_roche_numero245.jpg,1
image_roche_numero246.jpg,1
image_roche_numero247.jpg,1
image_roche_numero248.jpg,1
image_roche_numero249.jpg,1
image_roche_numero25.jpg,1
image_roche_numero250.jpg,1
image_roche_numero251.jpg,1
image_roche_numero252.jpg,1
image_roche_numero253.jpg,1
image_roche_numero254.jpg,1
image_roche_numero255.jpg,1
image_roche_numero256.jpg,1
image_roche_numero257.jpg,1
image_roche_numero258.jpg,1
image_roche_numero259.jpg,1
image_roche_numero26.jpg,1
image_roche_numero260.jpg,1
image_roche_numero261.jpg,1
image_roche_numero262.jpg,1
image_roche_numero263.jpg,1
image_roche_numero264.jpg,1
image_roche_numero265.jpg,1
image_roche_numero266.jpg,1
image_roche_numero267.jpg,1
image_roche_numero268.jpg,1
image_roche_numero269.jpg,1
image_roche_numero27.jpg,1
image_roche_numero270.jpg,1
image_roche_numero271.jpg,1
image_roche_numero272.jpg,1
image_roche_numero273.jpg,1
image_roche_numero274.jpg,1
image_roche_numero275.jpg,1
image_roche_numero276.jpg,1
image_roche_numero277.jpg,1
image_roche_numero278.jpg,1
image_roche_numero279.jpg,1
image_roche_numero28.jpg,1
image_roche_numero280.jpg,1
image_roche_numero281.jpg,1
image_roche_numero282.jpg,1
image_roche_numero283.jpg,1
image_roche_numero284.jpg,1
image_roche_numero285.jpg,1
image_roche_numero286.jpg,1
image_roche_numero287.jpg,1
image_roche_numero288.jpg,1
image_roche_numero289.jpg,1
image_roche_numero29.jpg,1
image_roche_numero290.jpg,1
image_roche_numero291.jpg,1
image_roche_numero292.jpg,1
image_roche_numero293.jpg,1
image_roche_numero294.jpg,1
image_roche_numero295.jpg,1
image_roche_numero296.jpg,1
image_roche_numero297.jpg,1
image_roche_numero298.jpg,1
image_roche_numero299.jpg,1
image_roche_numero3.jpg,1
image_roche_numero30.jpg,1
image_roche_numero300.jpg,1
image_roche_numero301.jpg,1
image_roche_numero302.jpg,1
image_roche_numero303.jpg,1
image_roche_numero304.jpg,1
image_roche_numero305.jpg,1
image_roche_numero306.jpg,1
image_roche_numero307.jpg,1
image_roche_numero308.jpg,1
image_roche_numero309.jpg,1
image_roche_numero31.jpg,1
image_roche_numero310.jpg,1
image_roche_numero311.jpg,1
image_roche_numero312.jpg,1
image_roche_numero313.jpg,1
image_roche_numero314.jpg,1
image_roche_numero315.jpg,1
image_roche_numero316.jpg,1
image_roche_numero317.jpg,1
image_roche_numero318.jpg,1
image_roche_numero319.jpg,1
image_roche_numero32.jpg,1
image_roche_numero320.jpg,1
image_roche_numero321.jpg,1
image_roche_numero322.jpg,1
image_roche_numero323.jpg,1
image_roche_numero324.jpg,1
image_roche_numero325.jpg,1
image_roche_numero326.jpg,1
image_roche_numero327.jpg,1
image_roche_numero328.jpg,1
image_roche_numero329.jpg,1
image_roche_numero33.jpg,1
image_roche_numero330.jpg,1
image_roche_numero331.jpg,1
image_roche_numero332.jpg,1
image_roche_numero333.jpg,1
image_roche_numero334.jpg,1
image_roche_numero335.jpg,1
image_roche_numero336.jpg,1
image_roche_numero337.jpg,1
image_roche_numero338.jpg,1
image_roche_numero339.jpg,1
image_roche_numero34.jpg,1
image_roche_numero340.jpg,1
image_roche_numero341.jpg,1
image_roche_numero342.jpg,1
image_roche_numero343.jpg,1
image_roche_numero344.jpg,1
image_roche_numero345.jpg,1
image_roche_numero346.jpg,1
image_roche_numero347.jpg,1
image_roche_numero348.jpg,1
image_roche_numero349.jpg,1
image_roche_numero35.jpg,1
image_roche_numero350.jpg,1
image_roche_numero351.jpg,1
image_roche_numero352.jpg,1
image_roche_numero353.jpg,1
image_roche_numero354.jpg,1
image_roche_numero355.jpg,1
image_roche_numero356.jpg,1
image_roche_numero357.jpg,1
image_roche_numero358.jpg,1
image_roche_numero359.jpg,1
image_roche_numero36.jpg,1
image_roche_numero360.jpg,1
image_roche_numero361.jpg,1
image_roche_numero362.jpg,1
image_roche_numero363.jpg,1
image_roche_numero364.jpg,1
image_roche_numero365.jpg,1
image_roche_numero366.jpg,1
image_roche_numero367.jpg,1
image_roche_numero368.jpg,1
image_roche_numero369.jpg,1
image_roche_numero37.jpg,1
image_roche_numero370.jpg,1
image_roche_numero371.jpg,1
image_roche_numero372.jpg,1
image_roche_numero373.jpg,1
image_roche_numero374.jpg,1
image_roche_numero375.jpg,1
image_roche_numero376.jpg,1
image_roche_numero377.jpg,1
image_roche_numero378.jpg,1
image_roche_numero379.jpg,1
image_roche_numero38.jpg,1
image_roche_numero380.jpg,1
image_roche_numero381.jpg,1
image_roche_numero382.jpg,1
image_roche_numero383.jpg,1
image_roche_numero384.jpg,1
image_roche_numero385.jpg,1
image_roche_numero386.jpg,1
image_roche_numero387.jpg,1
image_roche_numero388.jpg,1
image_roche_numero389.jpg,1
image_roche_numero39.jpg,1
image_roche_numero390.jpg,1
image_roche_numero391.jpg,1
image_roche_numero392.jpg,1
image_roche_numero393.jpg,1
image_roche_numero394.jpg,1
image_roche_numero395.jpg,1
image_roche_numero396.jpg,1
image_roche_numero397.jpg,1
image_roche_numero398.jpg,1
image_roche_numero399.jpg,1
image_roche_numero4.jpg,1
image_roche_numero40.jpg,1
image_roche_numero400.jpg,1
image_roche_numero401.jpg,1
image_roche_numero402.jpg,1
image_roche_numero403.jpg,1
image_roche_numero404.jpg,1
image_roche_numero405.jpg,1
image_roche_numero406.jpg,1
image_roche_numero407.jpg,1
image_roche_numero408.jpg,1
image_roche_numero409.jpg,1
image_roche_numero41.jpg,1
image_roche_numero410.jpg,1
image_roche_numero411.jpg,1
image_roche_numero412.jpg,1
image_roche_numero413.jpg,1
image_roche_numero414.jpg,1
image_roche_numero415.jpg,1
image_roche_numero416.jpg,1
image_roche_numero417.jpg,1
image_roche_numero418.jpg,1
image_roche_numero419.jpg,1
image_roche_numero42.jpg,1
image_roche_numero420.jpg,1
image_roche_numero421.jpg,1
image_roche_numero422.jpg,1
image_roche_numero423.jpg,1
image_roche_numero424.jpg,1
image_roche_numero425.jpg,1
image_roche_numero426.jpg,1
image_roche_numero427.jpg,1
image_roche_numero428.jpg,1
image_roche_numero429.jpg,1
image_roche_numero43.jpg,1
image_roche_numero430.jpg,1
image_roche_numero431.jpg,1
image_roche_numero432.jpg,1
image_roche_numero433.jpg,1
image_roche_numero434.jpg,1
image_roche_numero435.jpg,1
image_roche_numero436.jpg,1
image_roche_numero437.jpg,1
image_roche_numero438.jpg,1
image_roche_numero439.jpg,1
image_roche_numero44.jpg,1
image_roche_numero440.jpg,1
image_roche_numero441.jpg,1
image_roche_numero442.jpg,1
image_roche_numero443.jpg,1
image_roche_numero444.jpg,1
image_roche_numero445.jpg,1
image_roche_numero446.jpg,1
image_roche_numero447.jpg,1
image_roche_numero448.jpg,1
image_roche_numero449.jpg,1
image_roche_numero45.jpg,1
image_roche_numero450.jpg,1
image_roche_numero451.jpg,1
image_roche_numero452.jpg,1
image_roche_numero453.jpg,1
image_roche_numero454.jpg,1
image_roche_numero455.jpg,1
image_roche_numero456.jpg,1
image_roche_numero457.jpg,1
image_roche_numero458.jpg,1
image_roche_numero459.jpg,1
image_roche_numero46.jpg,1
image_roche_numero460.jpg,1
image_roche_numero461.jpg,1
image_roche_numero462.jpg,1
image_roche_numero463.jpg,1
image_roche_numero464.jpg,1
image_roche_numero465.jpg,1
image_roche_numero466.jpg,1
image_roche_numero467.jpg,1
image_roche_numero468.jpg,1
image_roche_numero469.jpg,1
image_roche_numero47.jpg,1
image_roche_numero470.jpg,1
image_roche_numero471.jpg,1
image_roche_numero472.jpg,1
image_roche_numero473.jpg,1
image_roche_numero474.jpg,1
image_roche_numero475.jpg,1
image_roche_numero476.jpg,1
image_roche_numero477.jpg,1
image_roche_numero478.jpg,1
image_roche_numero479.jpg,1
image_roche_numero48.jpg,1
image_roche_numero480.jpg,1
image_roche_numero481.jpg,1
image_roche_numero482.jpg,1
image_roche_numero483.jpg,1
image_roche_numero484.jpg,1
image_roche_numero485.jpg,1
image_roche_numero486.jpg,1
image_roche_numero487.jpg,1
image_roche_numero488.jpg,1
image_roche_numero489.jpg,1
image_roche_numero49.jpg,1
image_roche_numero490.jpg,1
image_roche_numero491.jpg,1
image_roche_numero492.jpg,1
image_roche_numero493.jpg,1
image_roche_numero494.jpg,1
image_roche_numero495.jpg,1
image_roche_numero496.jpg,1
image_roche_numero497.jpg,1
image_roche_numero498.jpg,1
image_roche_numero499.jpg,1
image_roche_numero5.jpg,1
image_roche_numero50.jpg,1
image_roche_numero500.jpg,1
image_roche_numero501.jpg,1
image_roche_numero502.jpg,1
image_roche_numero503.jpg,1
image_roche_numero504.jpg,1
image_roche_numero505.jpg,1
image_roche_numero506.jpg,1
image_roche_numero507.jpg,1
image_roche_numero508.jpg,1
image_roche_numero509.jpg,1
image_roche_numero51.jpg,1
image_roche_numero510.jpg,1
image_roche_numero511.jpg,1
image_roche_numero512.jpg,1
image_roche_numero513.jpg,1
image_roche_numero514.jpg,1
image_roche_numero515.jpg,1
image_roche_numero516.jpg,1
image_roche_numero517.jpg,1
image_roche_numero518.jpg,1
image_roche_numero519.jpg,1
image_roche_numero52.jpg,1
image_roche_numero520.jpg,1
image_roche_numero521.jpg,1
image_roche_numero522.jpg,1
image_roche_numero523.jpg,1
image_roche_numero524.jpg,1
image_roche_numero525.jpg,1
image_roche_numero526.jpg,1
image_roche_numero527.jpg,1
image_roche_numero528.jpg,1
image_roche_numero529.jpg,1
image_roche_numero53.jpg,1
image_roche_numero530.jpg,1
image_roche_numero531.jpg,1
image_roche_numero532.jpg,1
image_roche_numero533.jpg,1
image_roche_numero534.jpg,1
image_roche_numero535.jpg,1
image_roche_numero536.jpg,1
image_roche_numero537.jpg,1
image_roche_numero538.jpg,1
image_roche_numero539.jpg,1
image_roche_numero54.jpg,1
image_roche_numero540.jpg,1
image_roche_numero541.jpg,1
image_roche_numero542.jpg,1
image_roche_numero543.jpg,1
image_roche_numero544.jpg,1
image_roche_numero545.jpg,1
image_roche_numero546.jpg,1
image_roche_numero547.jpg,1
image_roche_numero548.jpg,1
image_roche_numero549.jpg,1
image_roche_numero55.jpg,1
image_roche_numero550.jpg,1
image_roche_numero551.jpg,1
image_roche_numero552.jpg,1
image_roche_numero553.jpg,1
image_roche_numero554.jpg,1
image_roche_numero555.jpg,1
image_roche_numero556.jpg,1
image_roche_numero557.jpg,1
image_roche_numero558.jpg,1
image_roche_numero559.jpg,1
image_roche_numero56.jpg,1
image_roche_numero560.jpg,1
image_roche_numero561.jpg,1
image_roche_numero562.jpg,1
image_roche_numero563.jpg,1
image_roche_numero564.jpg,1
image_roche_numero565.jpg,1
image_roche_numero566.jpg,1
image_roche_numero567.jpg,1
image_roche_numero568.jpg,1
image_roche_numero569.jpg,1
image_roche_numero57.jpg,1
image_roche_numero570.jpg,1
image_roche_numero571.jpg,1
image_roche_numero572.jpg,1
image_roche_numero573.jpg,1
image_roche_numero574.jpg,1
image_roche_numero575.jpg,1
image_roche_numero576.jpg,1
image_roche_numero577.jpg,1
image_roche_numero578.jpg,1
image_roche_numero579.jpg,1
image_roche_numero58.jpg,1
image_roche_numero580.jpg,1
image_roche_numero581.jpg,1
image_roche_numero582.jpg,1
image_roche_numero583.jpg,1
image_roche_numero584.jpg,1
image_roche_numero585.jpg,1
image_roche_numero586.jpg,1
image_roche_numero587.jpg,1
image_roche_numero588.jpg,1
image_roche_numero589.jpg,1
image_roche_numero59.jpg,1
image_roche_numero590.jpg,1
image_roche_numero591.jpg,1
image_roche_numero592.jpg,1
image_roche_numero593.jpg,1
image_roche_numero594.jpg,1
image_roche_numero595.jpg,1
image_roche_numero596.jpg,1
image_roche_numero597.jpg,1
image_roche_numero598.jpg,1
image_roche_numero599.jpg,1
image_roche_numero6.jpg,1
image_roche_numero60.jpg,1
image_roche_numero600.jpg,1
image_roche_numero601.jpg,1
image_roche_numero602.jpg,1
image_roche_numero603.jpg,1
image_roche_numero604.jpg,1
image_roche_numero605.jpg,1
image_roche_numero606.jpg,1
image_roche_numero607.jpg,1
image_roche_numero608.jpg,1
image_roche_numero609.jpg,1
image_roche_numero61.jpg,1
image_roche_numero610.jpg,1
image_roche_numero611.jpg,1
image_roche_numero612.jpg,1
image_roche_numero613.jpg,1
image_roche_numero614.jpg,1
image_roche_numero615.jpg,1
image_roche_numero616.jpg,1
image_roche_numero617.jpg,1
image_roche_numero618.jpg,1
image_roche_numero619.jpg,1
image_roche_numero62.jpg,1
image_roche_numero620.jpg,1
image_roche_numero621.jpg,1
image_roche_numero622.jpg,1
image_roche_numero623.jpg,1
image_roche_numero624.jpg,1
image_roche_numero625.jpg,1
image_roche_numero626.jpg,1
image_roche_numero627.jpg,1
image_roche_numero628.jpg,1
image_roche_numero629.jpg,1
image_roche_numero63.jpg,1
image_roche_numero630.jpg,1
image_roche_numero631.jpg,1
image_roche_numero632.jpg,1
image_roche_numero633.jpg,1
image_roche_numero634.jpg,1
image_roche_numero635.jpg,1
image_roche_numero636.jpg,1
image_roche_numero637.jpg,1
image_roche_numero638.jpg,1
image_roche_numero639.jpg,1
image_roche_numero64.jpg,1
image_roche_numero640.jpg,1
image_roche_numero641.jpg,1
image_roche_numero642.jpg,1
image_roche_numero643.jpg,1
image_roche_numero644.jpg,1
image_roche_numero645.jpg,1
image_roche_numero646.jpg,1
image_roche_numero647.jpg,1
image_roche_numero648.jpg,1
image_roche_numero649.jpg,1
image_roche_numero65.jpg,1
image_roche_numero650.jpg,1
image_roche_numero651.jpg,1
image_roche_numero652.jpg,1
image_roche_numero653.jpg,1
image_roche_numero654.jpg,1
image_roche_numero655.jpg,1
image_roche_numero656.jpg,1
image_roche_numero657.jpg,1
image_roche_numero658.jpg,1
image_roche_numero659.jpg,1
image_roche_numero66.jpg,1
image_roche_numero660.jpg,1
image_roche_numero661.jpg,1
image_roche_numero662.jpg,1
image_roche_numero663.jpg,1
image_roche_numero664.jpg,1
image_roche_numero665.jpg,1
image_roche_numero666.jpg,1
image_roche_numero667.jpg,1
image_roche_numero668.jpg,1
image_roche_numero669.jpg,1
image_roche_numero67.jpg,1
image_roche_numero670.jpg,1
image_roche_numero671.jpg,1
image_roche_numero672.jpg,1
image_roche_numero673.jpg,1
image_roche_numero674.jpg,1
image_roche_numero675.jpg,1
image_roche_numero676.jpg,1
image_roche_numero677.jpg,1
image_roche_numero678.jpg,1
image_roche_numero679.jpg,1
image_roche_numero68.jpg,1
image_roche_numero680.jpg,1
image_roche_numero681.jpg,1
image_roche_numero682.jpg,1
image_roche_numero683.jpg,1
image_roche_numero684.jpg,1
image_roche_numero685.jpg,1
image_roche_numero69.jpg,1
image_roche_numero7.jpg,1
image_roche_numero70.jpg,1
image_roche_numero71.jpg,1
image_roche_numero72.jpg,1
image_roche_numero73.jpg,1
image_roche_numero74.jpg,1
image_roche_numero75.jpg,1
image_roche_numero76.jpg,1
image_roche_numero77.jpg,1
image_roche_numero78.jpg,1
image_roche_numero79.jpg,1
image_roche_numero8.jpg,1
image_roche_numero80.jpg,1
image_roche_numero81.jpg,1
image_roche_numero82.jpg,1
image_roche_numero83.jpg,1
image_roche_numero84.jpg,1
image_roche_numero85.jpg,1
image_roche_numero86.jpg,1
image_roche_numero87.jpg,1
image_roche_numero88.jpg,1
image_roche_numero89.jpg,1
image_roche_numero9.jpg,1
image_roche_numero90.jpg,1
image_roche_numero91.jpg,1
image_roche_numero92.jpg,1
image_roche_numero93.jpg,1
image_roche_numero94.jpg,1
image_roche_numero95.jpg,1
image_roche_numero96.jpg,1
image_roche_numero97.jpg,1
image_roche_numero98.jpg,1
image_roche_numero99.jpg,1
image_numero1.jpg,0
image_numero10.jpg,0
image_numero100.jpg,0
image_numero101.jpg,0
image_numero102.jpg,0
image_numero103.jpg,0
image_numero104.jpg,0
image_numero105.jpg,0
image_numero106.jpg,0
image_numero107.jpg,0
image_numero108.jpg,0
image_numero109.jpg,0
image_numero11.jpg,0
image_numero110.jpg,0
image_numero111.jpg,0
image_numero112.jpg,0
image_numero113.jpg,0
image_numero114.jpg,0
image_numero115.jpg,0
image_numero116.jpg,0
image_numero117.jpg,0
image_numero118.jpg,0
image_numero119.jpg,0
image_numero12.jpg,0
image_numero120.jpg,0
image_numero121.jpg,0
image_numero122.jpg,0
image_numero123.jpg,0
image_numero124.jpg,0
image_numero125.jpg,0
image_numero126.jpg,0
image_numero127.jpg,0
image_numero128.jpg,0
image_numero129.jpg,0
image_numero13.jpg,0
image_numero130.jpg,0
image_numero131.jpg,0
image_numero132.jpg,0
image_numero133.jpg,0
image_numero134.jpg,0
image_numero135.jpg,0
image_numero136.jpg,0
image_numero137.jpg,0
image_numero138.jpg,0
image_numero139.jpg,0
image_numero14.jpg,0
image_numero140.jpg,0
image_numero141.jpg,0
image_numero142.jpg,0
image_numero143.jpg,0
image_numero144.jpg,0
image_numero145.jpg,0
image_numero146.jpg,0
image_numero147.jpg,0
image_numero148.jpg,0
image_numero149.jpg,0
image_numero15.jpg,0
image_numero150.jpg,0
image_numero151.jpg,0
image_numero152.jpg,0
image_numero153.jpg,0
image_numero154.jpg,0
image_numero155.jpg,0
image_numero156.jpg,0
image_numero157.jpg,0
image_numero158.jpg,0
image_numero159.jpg,0
image_numero16.jpg,0
image_numero160.jpg,0
image_numero161.jpg,0
image_numero162.jpg,0
image_numero163.jpg,0
image_numero164.jpg,0
image_numero165.jpg,0
image_numero166.jpg,0
image_numero167.jpg,0
image_numero168.jpg,0
image_numero169.jpg,0
image_numero17.jpg,0
image_numero170.jpg,0
image_numero171.jpg,0
image_numero172.jpg,0
image_numero173.jpg,0
image_numero174.jpg,0
image_numero175.jpg,0
image_numero176.jpg,0
image_numero177.jpg,0
image_numero178.jpg,0
image_numero179.jpg,0
image_numero18.jpg,0
image_numero180.jpg,0
image_numero181.jpg,0
image_numero182.jpg,0
image_numero183.jpg,0
image_numero184.jpg,0
image_numero185.jpg,0
image_numero186.jpg,0
image_numero187.jpg,0
image_numero188.jpg,0
image_numero189.jpg,0
image_numero19.jpg,0
image_numero190.jpg,0
image_numero191.jpg,0
image_numero192.jpg,0
image_numero193.jpg,0
image_numero194.jpg,0
image_numero195.jpg,0
image_numero196.jpg,0
image_numero197.jpg,0
image_numero198.jpg,0
image_numero199.jpg,0
image_numero2.jpg,0
image_numero20.jpg,0
image_numero200.jpg,0
image_numero201.jpg,0
image_numero202.jpg,0
image_numero203.jpg,0
image_numero204.jpg,0
image_numero205.jpg,0
image_numero206.jpg,0
image_numero207.jpg,0
image_numero208.jpg,0
image_numero209.jpg,0
image_numero21.jpg,0
image_numero210.jpg,0
image_numero211.jpg,0
image_numero212.jpg,0
image_numero213.jpg,0
image_numero214.jpg,0
image_numero215.jpg,0
image_numero216.jpg,0
image_numero217.jpg,0
image_numero218.jpg,0
image_numero219.jpg,0
image_numero22.jpg,0
image_numero220.jpg,0
image_numero221.jpg,0
image_numero222.jpg,0
image_numero223.jpg,0
image_numero224.jpg,0
image_numero225.jpg,0
image_numero226.jpg,0
image_numero227.jpg,0
image_numero228.jpg,0
image_numero229.jpg,0
image_numero23.jpg,0
image_numero230.jpg,0
image_numero231.jpg,0
image_numero232.jpg,0
image_numero233.jpg,0
image_numero234.jpg,0
image_numero235.jpg,0
image_numero236.jpg,0
image_numero237.jpg,0
image_numero238.jpg,0
image_numero239.jpg,0
image_numero24.jpg,0
image_numero240.jpg,0
image_numero241.jpg,0
image_numero242.jpg,0
image_numero243.jpg,0
image_numero244.jpg,0
image_numero245.jpg,0
image_numero246.jpg,0
image_numero247.jpg,0
image_numero248.jpg,0
image_numero249.jpg,0
image_numero25.jpg,0
image_numero250.jpg,0
image_numero251.jpg,0
image_numero252.jpg,0
image_numero253.jpg,0
image_numero254.jpg,0
image_numero255.jpg,0
image_numero256.jpg,0
image_numero257.jpg,0
image_numero258.jpg,0
image_numero259.jpg,0
image_numero26.jpg,0
image_numero260.jpg,0
image_numero261.jpg,0
image_numero262.jpg,0
image_numero263.jpg,0
image_numero264.jpg,0
image_numero265.jpg,0
image_numero266.jpg,0
image_numero267.jpg,0
image_numero268.jpg,0
image_numero269.jpg,0
image_numero27.jpg,0
image_numero270.jpg,0
image_numero271.jpg,0
image_numero272.jpg,0
image_numero273.jpg,0
image_numero274.jpg,0
image_numero275.jpg,0
image_numero276.jpg,0
image_numero277.jpg,0
image_numero278.jpg,0
image_numero279.jpg,0
image_numero28.jpg,0
image_numero280.jpg,0
image_numero281.jpg,0
image_numero282.jpg,0
image_numero283.jpg,0
image_numero284.jpg,0
image_numero285.jpg,0
image_numero286.jpg,0
image_numero287.jpg,0
image_numero288.jpg,0
image_numero289.jpg,0
image_numero29.jpg,0
image_numero290.jpg,0
image_numero291.jpg,0
image_numero292.jpg,0
image_numero293.jpg,0
image_numero294.jpg,0
image_numero295.jpg,0
image_numero296.jpg,0
image_numero297.jpg,0
image_numero298.jpg,0
image_numero299.jpg,0
image_numero3.jpg,0
image_numero30.jpg,0
image_numero300.jpg,0
image_numero301.jpg,0
image_numero302.jpg,0
image_numero303.jpg,0
image_numero304.jpg,0
image_numero305.jpg,0
image_numero306.jpg,0
image_numero307.jpg,0
image_numero308.jpg,0
image_numero309.jpg,0
image_numero31.jpg,0
image_numero310.jpg,0
image_numero311.jpg,0
image_numero312.jpg,0
image_numero313.jpg,0
image_numero314.jpg,0
image_numero315.jpg,0
image_numero316.jpg,0
image_numero317.jpg,0
image_numero318.jpg,0
image_numero319.jpg,0
image_numero32.jpg,0
image_numero320.jpg,0
image_numero321.jpg,0
image_numero322.jpg,0
image_numero323.jpg,0
image_numero324.jpg,0
image_numero325.jpg,0
image_numero326.jpg,0
image_numero327.jpg,0
image_numero328.jpg,0
image_numero329.jpg,0
image_numero33.jpg,0
image_numero330.jpg,0
image_numero331.jpg,0
image_numero332.jpg,0
image_numero333.jpg,0
image_numero334.jpg,0
image_numero335.jpg,0
image_numero336.jpg,0
image_numero337.jpg,0
image_numero338.jpg,0
image_numero339.jpg,0
image_numero34.jpg,0
image_numero340.jpg,0
image_numero341.jpg,0
image_numero342.jpg,0
image_numero343.jpg,0
image_numero344.jpg,0
image_numero345.jpg,0
image_numero346.jpg,0
image_numero347.jpg,0
image_numero348.jpg,0
image_numero349.jpg,0
image_numero35.jpg,0
image_numero350.jpg,0
image_numero351.jpg,0
image_numero352.jpg,0
image_numero353.jpg,0
image_numero354.jpg,0
image_numero355.jpg,0
image_numero356.jpg,0
image_numero357.jpg,0
image_numero358.jpg,0
image_numero359.jpg,0
image_numero36.jpg,0
image_numero360.jpg,0
image_numero361.jpg,0
image_numero362.jpg,0
image_numero363.jpg,0
image_numero364.jpg,0
image_numero365.jpg,0
image_numero366.jpg,0
image_numero367.jpg,0
image_numero368.jpg,0
image_numero369.jpg,0
image_numero37.jpg,0
image_numero370.jpg,0
image_numero371.jpg,0
image_numero372.jpg,0
image_numero373.jpg,0
image_numero374.jpg,0
image_numero375.jpg,0
image_numero376.jpg,0
image_numero377.jpg,0
image_numero378.jpg,0
image_numero379.jpg,0
image_numero38.jpg,0
image_numero380.jpg,0
image_numero381.jpg,0
image_numero382.jpg,0
image_numero383.jpg,0
image_numero384.jpg,0
image_numero385.jpg,0
image_numero386.jpg,0
image_numero387.jpg,0
image_numero388.jpg,0
image_numero389.jpg,0
image_numero39.jpg,0
image_numero390.jpg,0
image_numero391.jpg,0
image_numero392.jpg,0
image_numero393.jpg,0
image_numero394.jpg,0
image_numero395.jpg,0
image_numero396.jpg,0
image_numero397.jpg,0
image_numero398.jpg,0
image_numero399.jpg,0
image_numero4.jpg,0
image_numero40.jpg,0
image_numero400.jpg,0
image_numero401.jpg,0
image_numero402.jpg,0
image_numero403.jpg,0
image_numero404.jpg,0
image_numero405.jpg,0
image_numero406.jpg,0
image_numero407.jpg,0
image_numero408.jpg,0
image_numero409.jpg,0
image_numero41.jpg,0
image_numero410.jpg,0
image_numero411.jpg,0
image_numero412.jpg,0
image_numero413.jpg,0
image_numero414.jpg,0
image_numero415.jpg,0
image_numero416.jpg,0
image_numero417.jpg,0
image_numero418.jpg,0
image_numero419.jpg,0
image_numero42.jpg,0
image_numero420.jpg,0
image_numero421.jpg,0
image_numero422.jpg,0
image_numero423.jpg,0
image_numero424.jpg,0
image_numero425.jpg,0
image_numero426.jpg,0
image_numero427.jpg,0
image_numero428.jpg,0
image_numero429.jpg,0
image_numero43.jpg,0
image_numero430.jpg,0
image_numero431.jpg,0
image_numero432.jpg,0
image_numero433.jpg,0
image_numero434.jpg,0
image_numero435.jpg,0
image_numero436.jpg,0
image_numero437.jpg,0
image_numero438.jpg,0
image_numero439.jpg,0
image_numero44.jpg,0
image_numero440.jpg,0
image_numero441.jpg,0
image_numero442.jpg,0
image_numero443.jpg,0
image_numero444.jpg,0
image_numero445.jpg,0
image_numero446.jpg,0
image_numero447.jpg,0
image_numero448.jpg,0
image_numero449.jpg,0
image_numero45.jpg,0
image_numero450.jpg,0
image_numero451.jpg,0
image_numero452.jpg,0
image_numero453.jpg,0
image_numero454.jpg,0
image_numero455.jpg,0
image_numero456.jpg,0
image_numero457.jpg,0
image_numero458.jpg,0
image_numero459.jpg,0
image_numero46.jpg,0
image_numero460.jpg,0
image_numero461.jpg,0
image_numero462.jpg,0
image_numero463.jpg,0
image_numero464.jpg,0
image_numero465.jpg,0
image_numero466.jpg,0
image_numero467.jpg,0
image_numero468.jpg,0
image_numero469.jpg,0
image_numero47.jpg,0
image_numero470.jpg,0
image_numero471.jpg,0
image_numero472.jpg,0
image_numero473.jpg,0
image_numero474.jpg,0
image_numero475.jpg,0
image_numero476.jpg,0
image_numero477.jpg,0
image_numero478.jpg,0
image_numero479.jpg,0
image_numero48.jpg,0
image_numero480.jpg,0
image_numero481.jpg,0
image_numero482.jpg,0
image_numero483.jpg,0
image_numero484.jpg,0
image_numero485.jpg,0
image_numero486.jpg,0
image_numero487.jpg,0
image_numero488.jpg,0
image_numero489.jpg,0
image_numero49.jpg,0
image_numero490.jpg,0
image_numero491.jpg,0
image_numero492.jpg,0
image_numero493.jpg,0
image_numero494.jpg,0
image_numero495.jpg,0
image_numero496.jpg,0
image_numero497.jpg,0
image_numero498.jpg,0
image_numero499.jpg,0
image_numero5.jpg,0
image_numero50.jpg,0
image_numero500.jpg,0
image_numero501.jpg,0
image_numero502.jpg,0
image_numero503.jpg,0
image_numero504.jpg,0
image_numero505.jpg,0
image_numero506.jpg,0
image_numero507.jpg,0
image_numero51.jpg,0
image_numero52.jpg,0
image_numero53.jpg,0
image_numero54.jpg,0
image_numero55.jpg,0
image_numero56.jpg,0
image_numero57.jpg,0
image_numero58.jpg,0
image_numero59.jpg,0
image_numero6.jpg,0
image_numero60.jpg,0
image_numero61.jpg,0
image_numero62.jpg,0
image_numero63.jpg,0
image_numero64.jpg,0
image_numero65.jpg,0
image_numero66.jpg,0
image_numero67.jpg,0
image_numero68.jpg,0
image_numero69.jpg,0
image_numero7.jpg,0
image_numero70.jpg,0
image_numero71.jpg,0
image_numero72.jpg,0
image_numero73.jpg,0
image_numero74.jpg,0
image_numero75.jpg,0
image_numero76.jpg,0
image_numero77.jpg,0
image_numero78.jpg,0
image_numero79.jpg,0
image_numero8.jpg,0
image_numero80.jpg,0
image_numero81.jpg,0
image_numero82.jpg,0
image_numero83.jpg,0
image_numero84.jpg,0
image_numero85.jpg,0
image_numero86.jpg,0
image_numero87.jpg,0
image_numero88.jpg,0
image_numero89.jpg,0
image_numero9.jpg,0
image_numero90.jpg,0
image_numero91.jpg,0
image_numero92.jpg,0
image_numero93.jpg,0
image_numero94.jpg,0
image_numero95.jpg,0
image_numero96.jpg,0
image_numero97.jpg,0
image_numero98.jpg,0
image_numero99.jpg,0
